circBA9.3,Dasatinib
circBA9.3,Imatinib
circBA9.3,Nilotinib
circPVT1,Cisplatin
circPVT1,Doxorubicin
ANRIL,Cisplatin
ANRIL,Fluorouracil
ANRIL,Paclitaxel
ANRIL,Propofol
BCAR4,Tamoxifen
BCAR4,Antioestrogens
CASC11,Cisplatin
CASC11,Oxaliplatin
CASC11,Carboplatin
CASC11,Tetraplatin
CCAT1,Cisplatin
CCAT1,Paclitaxel
CCAT1,Docetaxel
CRNDE,Cisplatin
CRNDE,Fluorouracil
CRNDE,Adriamycin
CUDR,Cisplatin
CUDR,Fluorouracil
GAS5,Cisplatin
GAS5,Doxorubicin
GAS5,Trastuzumab
GAS5,Fluorouracil
GAS5,Docetaxel
GAS5,Mitoxantrone
GAS5,Nutlin-3a
GAS5,Rapamycin
GAS5,Sirolimus
GAS5,Temsirolimus
GIHCG,Fluorouracil
GIHCG,Oxaliplatin
H19,Cisplatin
H19,Doxorubicin
H19,Trastuzumab
H19,Paclitaxel
H19,Oxaliplatin
H19,Vincristine
H19,Etoposide
H19,"1,25(OH)2D3"
H19,Bortezomib
H19,Methotrexate
H19,Pirarubicin
H19,Verapamil
H19,epirubicin
HOTAIR,Cisplatin
HOTAIR,Gemcitabine
HOTAIR,Doxorubicin
HOTAIR,Gefitinib
HOTAIR,Tamoxifen
HOTAIR,Carboplatin
HOTAIR,Adriamycin
HOTAIR,Etoposide
HOTAIR,Chemotherapy
HOTAIR,TRAIL therapy
HULC,Fluorouracil
HULC,Oxaliplatin
HULC,Pirarubicin
LINP1,Doxorubicin
LINP1,Fluorouracil
LOC285194,Cisplatin
LOC285194,Fluorouracil
LUCAT1,Cisplatin
LUCAT1,Methotrexate
Lnc-VLDLR,Doxorubicin
Lnc-VLDLR,Sorafenib
MACC1-AS1,Fluorouracil
MACC1-AS1,Oxaliplatin
MALAT1,Cisplatin
MALAT1,Gefitinib
MALAT1,Fluorouracil
MALAT1,Paclitaxel
MALAT1,Adriamycin
MALAT1,Oxymatrine
MALAT1,Temozolomide
MEG3,Cisplatin
MEG3,Gemcitabine
MRUL,Doxorubicin
MRUL,Vincristine
NEAT1,Cisplatin
NEAT1,Paclitaxel
NEAT1,Vincristine
NEAT1,Taxol
PVT1,Cisplatin
PVT1,Gemcitabine
PVT1,Doxorubicin
PVT1,Fluorouracil
PVT1,Paclitaxel
ROR1-AS1,Dexamethasone
ROR1-AS1,Ibrutinib
SLC25A25-AS1,Doxorubicin
SLC25A25-AS1,Fluorouracil
SNHG5,Cisplatin
SNHG5,Imatinib
TUG1,Cisplatin
TUG1,Gemcitabine
TUG1,Adriamycin
UCA1,Cisplatin
UCA1,Gemcitabine
UCA1,Imatinib
UCA1,Tamoxifen
UCA1,Fluorouracil
UCA1,Paclitaxel
UCA1,Adriamycin
UCA1,Rapamycin
UCA1,Cetuximab
UCA1,Curcumin
XIST,Cisplatin
XIST,Doxorubicin
XIST,PCI-24781
XLOC_006753,Cisplatin
XLOC_006753,Fluorouracil
linc-VLDLR,Doxorubicin
linc-VLDLR,Adriamycin
linc-VLDLR,Sorafenib
linc-VLDLR,Camptothecin
Let-7,Taxol
Let-7,Vinblastine
Let-7a,Doxorubicin
Let-7a,Fluorouracil
Let-7a,Paclitaxel
Let-7a,epirubicin
Let-7a,Interferon-gamma
hsa-1274A,Paclitaxel
hsa-1274A,Epirubicin
let-7a,Cisplatin
let-7a,Gemcitabine
let-7a,Imatinib
let-7a,Doxorubicin
let-7a,Paclitaxel
let-7a,Oxaliplatin
let-7a,Interferon-gamma
let-7a,Capecitabine
let-7a,PLX4720
let-7a,platinum-based doublet chemotherapy 
let-7b,Cisplatin
let-7b,Gefitinib
let-7b,PLX4720
let-7b,platinum-based doublet chemotherapy 
let-7b,5-Fluorouracil
let-7c,Cisplatin
let-7c,Doxorubicin
let-7c,Vincristine
let-7c,PLX4720
let-7c,5-Fluorouracil
let-7c,Daunorubicin
let-7c,L-asparaginase
let-7c,Prednisolone
let-7d,Cisplatin
let-7d,Gemcitabine
let-7d,Imatinib
let-7d,5-Fluorouracil
let-7e,Cisplatin
let-7e,Imatinib
let-7e,Doxorubicin
let-7e,Oxaliplatin
let-7e,PLX4720
let-7e,5-Fluorouracil
let-7f,Cisplatin
let-7f,Imatinib
let-7f,Doxorubicin
let-7f-1*,Gemcitabine
let-7f-1*,Cetuximab
let-7f-1*,5-Fluorouracil
let-7g,Cisplatin
let-7g,Doxorubicin
let-7g,5-Fluorouracil
let-7g,10-Hydroxycamptothecin
let-7g,FOLFOX Chemotherapy
let-7i,Cisplatin
let-7i,Gemcitabine
let-7i,Imatinib
let-7i,Doxorubicin
let-7i,5-Fluorouracil
let-7i,FOLFOX Chemotherapy
miR-1,Oxaliplatin
miR-1,Adriamycin
miR-1,Vincristine
miR-1,platinum-based doublet chemotherapy 
miR-1,Fluoropyrimidine
miR-100,Cisplatin
miR-100,Gemcitabine
miR-100,Doxorubicin
miR-100,Paclitaxel
miR-100,Docetaxel
miR-100,Vincristine
miR-100,Etoposide
miR-100,TRAIL therapy
miR-100,Sorafenib
miR-100,PLX4720
miR-100,Daunorubicin
miR-100,L-asparaginase
miR-100,Prednisolone
miR-100,Vemurafenib
miR-100-5p,Cisplatin
miR-100-5p,Crizotinib
miR-100-5p,Lorlatinib
miR-101,Cisplatin
miR-101,Doxorubicin
miR-101,Docetaxel
miR-101,Vincristine
miR-101,Sirolimus
miR-101,FOLFOX Chemotherapy
miR-103,Imatinib
miR-103,Tamoxifen
miR-103,Oxaliplatin
miR-103,Adriamycin
miR-103,5-Fluorouracil
miR-105,Cisplatin
miR-105,Tamoxifen
miR-105,Docetaxel
miR-106a,Cisplatin
miR-106a,Gemcitabine
miR-106a,Doxorubicin
miR-106a,Fluorouracil
miR-106a,Paclitaxel
miR-106a,Oxaliplatin
miR-106a,Adriamycin
miR-106a,Vincristine
miR-106a,5-Fluorouracil
miR-106a,FOLFOX Chemotherapy
miR-106b,Cisplatin
miR-106b,Doxorubicin
miR-106b,Paclitaxel
miR-106b,Sorafenib
miR-106b,5-Fluorouracil
miR-106b-25,Paclitaxel
miR-106b-25,Etoposide
miR-106b-25,Colchicine
miR-106b-25,Cyclosporin A
miR-106~25,Paclitaxel
miR-106~25,Etoposide
miR-106~25,Colchicine
miR-106~25,Cyclosporin A
miR-107,Imatinib
miR-107,Tamoxifen
miR-107,Oxaliplatin
miR-107,5-Fluorouracil
miR-107,FOLFOX Chemotherapy
miR-10a,Cisplatin
miR-10a,Gemcitabine
miR-10a,Imatinib
miR-10a,Doxorubicin
miR-10a,Temozolomide
miR-10a,FOLFOX Chemotherapy
miR-10a ,Cisplatin
miR-10a ,Vinorelbine
miR-10a*,Doxorubicin
miR-10a*,Oxaliplatin
miR-10b,Cisplatin
miR-10b,Gemcitabine
miR-10b,Gefitinib
miR-10b,Tamoxifen
miR-10b,Fluorouracil
miR-10b,Oxaliplatin
miR-10b,Chemotherapy
miR-10b,5-Fluorouracil
miR-10b,FOLFOX Chemotherapy
miR-1183,Gefitinib
miR-1183,Oxaliplatin
miR-1202,Gemcitabine
miR-1202,Oxaliplatin
miR-1202,Bortezomib
miR-1202,5-Fluorouracil
miR-1207,Oxaliplatin
miR-1207,Vincristine
miR-1207,Bortezomib
miR-122,Doxorubicin
miR-122,Fluorouracil
miR-122,Oxaliplatin
miR-122,Bortezomib
miR-122,Sorafenib
miR-122,5-Fluorouracil
miR-122,FOLFOX Chemotherapy
miR-1226,Gemcitabine
miR-1226,5-Fluorouracil
miR-1228,Gemcitabine
miR-1228,5-Fluorouracil
miR-1228*,Cisplatin
miR-1228*,Gemcitabine
miR-1228*,Doxorubicin
miR-1228*,5-Fluorouracil
miR-1229-5p,Fluorouracil
miR-1229-5p,Oxaliplatin
miR-1233,Doxorubicin
miR-1233,Chemotherapy
miR-1234,Gemcitabine
miR-1234,Doxorubicin
miR-1234,5-Fluorouracil
miR-1236,Gemcitabine
miR-1236,Doxorubicin
miR-1236,Oxaliplatin
miR-1236,Vincristine
miR-1236,5-Fluorouracil
miR-1236,Prednisone
miR-1237,Gemcitabine
miR-1237,5-Fluorouracil
miR-124,Doxorubicin
miR-124,Glucocorticoid
miR-124,Paroxetine
miR-1246,Cisplatin
miR-1246,Gemcitabine
miR-1246,Doxorubicin
miR-1246,Fluorouracil
miR-1246,Paclitaxel
miR-1246,Oxaliplatin
miR-1246,Docetaxel
miR-1246,Vincristine
miR-1246,Bortezomib
miR-1246,epirubicin
miR-1246,5-Fluorouracil
miR-1247,Gemcitabine
miR-1247,Vincristine
miR-1256,Doxorubicin
miR-1256,Vincristine
miR-1256,Prednisone
miR-1258,Cisplatin
miR-1258,Oxaliplatin
miR-125a,Cisplatin
miR-125a,Gemcitabine
miR-125a,Imatinib
miR-125a,Doxorubicin
miR-125a,Tamoxifen
miR-125a,Docetaxel
miR-125a,Cetuximab
miR-125a,Daunorubicin
miR-125b,Cisplatin
miR-125b,Gemcitabine
miR-125b,Doxorubicin
miR-125b,Gefitinib
miR-125b,Trastuzumab
miR-125b,Fluorouracil
miR-125b,Paclitaxel
miR-125b,Vincristine
miR-125b,Etoposide
miR-125b,Bortezomib
miR-125b,Chemotherapy
miR-125b,TRAIL therapy
miR-125b,Temozolomide
miR-125b,Dexamethasone
miR-125b,Epirubicin
miR-125b,5-Fluorouracil
miR-125b,Daunorubicin
miR-125b,L-asparaginase
miR-125b,Prednisolone
miR-125b,FOLFOX Chemotherapy
miR-125b,Vemurafenib
miR-125b,Cyclophosphamide
miR-125b,Mafosfamide
miR-125b,Retinoic Acid
miR-125b-5p,Doxorubicin
miR-125b-5p,Vincristine
miR-125b-5p,Bortezomib
miR-125b-5p,Prednisone
miR-125b-5p,Cyclophosphamide
miR-125b-5p,Rituximab
miR-126,Cisplatin
miR-126,Gemcitabine
miR-126,Doxorubicin
miR-126,Tamoxifen
miR-126,Oxaliplatin
miR-126,Vincristine
miR-126,Daunorubicin
miR-126,L-asparaginase
miR-126,Prednisolone
miR-126,10-Hydroxycamptothecin
miR-126,Cytarabine
miR-126*,Oxaliplatin
miR-126*,Vincristine
miR-126*,Sorafenib
miR-126*,Cetuximab
miR-126*,Daunorubicin
miR-126*,L-asparaginase
miR-126*,Prednisolone
miR-1260,Gemcitabine
miR-1260,5-Fluorouracil
miR-1260b,Gemcitabine
miR-1260b,5-Fluorouracil
miR-1264,Paclitaxel
miR-1264,Oxaliplatin
miR-1265,Doxorubicin
miR-1265,Paclitaxel
miR-1265,Oxaliplatin
miR-1268,Gemcitabine
miR-1268,Paclitaxel
miR-1268,5-Fluorouracil
miR-127,Cisplatin
miR-127,Doxorubicin
miR-127,Gefitinib
miR-127,Oxaliplatin
miR-1273g,Doxorubicin
miR-1273g,Vincristine
miR-1275,Gemcitabine
miR-1275,Paclitaxel
miR-1275,5-Fluorouracil
miR-1277,Doxorubicin
miR-1277,Paclitaxel
miR-128,Cisplatin
miR-128,Doxorubicin
miR-128,Oxaliplatin
miR-128,Etoposide
miR-128,PLX4720
miR-128-2,Cisplatin
miR-128-2,Doxorubicin
miR-128-2,Fluorouracil
miR-128-2,5-Fluorouracil
miR-1280,Gemcitabine
miR-1280,5-Fluorouracil
miR-1285,Gemcitabine
miR-1285,5-Fluorouracil
miR-1288,Gemcitabine
miR-1288,5-Fluorouracil
miR-128a,Imatinib
miR-128a,Tamoxifen
miR-128a,Anastrozole
miR-128a,Exemestane
miR-128a,Letrozole
miR-129,Cisplatin
miR-129,Doxorubicin
miR-129,Vincristine
miR-129,Etoposide
miR-129,Bortezomib
miR-129,5-Fluorouracil
miR-129*,Gemcitabine
miR-129*,Oxaliplatin
miR-1290,Cisplatin
miR-1290,Gemcitabine
miR-1290,Paclitaxel
miR-1290,Oxaliplatin
miR-1290,Bortezomib
miR-1290,Epirubicin
miR-1290,5-Fluorouracil
miR-1293,Doxorubicin
miR-1293,Oxaliplatin
miR-1293,PLX4720
miR-1297,Cisplatin
miR-1297,Oxaliplatin
miR-1299,Cisplatin
miR-1299,Doxorubicin
miR-1299,Oxaliplatin
miR-130,Oxaliplatin
miR-130,5-Fluorouracil
miR-1307,Cisplatin
miR-1307,Gemcitabine
miR-1307,Taxol
miR-1307,5-Fluorouracil
miR-130a,Cisplatin
miR-130a,Gemcitabine
miR-130a,Doxorubicin
miR-130a,Gefitinib
miR-130a,Paclitaxel
miR-130a,Oxaliplatin
miR-130a,Sorafenib
miR-130a,5-Fluorouracil
miR-130a,Platinum
miR-130a-3p,Cisplatin
miR-130a-3p,Gemcitabine
miR-130b,Cisplatin
miR-130b,Gemcitabine
miR-130b,Imatinib
miR-130b,Paclitaxel
miR-130b,Adriamycin
miR-130b,Sorafenib
miR-130b,5-Fluorouracil
miR-130b,Sunitinib
miR-132,Cisplatin
miR-132,Imatinib
miR-132,Doxorubicin
miR-132,Gefitinib
miR-132,Paclitaxel
miR-132,Chemotherapy
miR-132,Temozolomide
miR-132,PLX4720
miR-132,10-Hydroxycamptothecin
miR-133a,Cisplatin
miR-133a,Doxorubicin
miR-133a,Paclitaxel
miR-133a,Sunitinib
miR-133b,Cisplatin
miR-133b,Doxorubicin
miR-133b,Paclitaxel
miR-133b,FOLFOX Chemotherapy
miR-134,Gemcitabine
miR-134,Gefitinib
miR-134,Paclitaxel
miR-1343,Gemcitabine
miR-1343,5-Fluorouracil
miR-135a,Cisplatin
miR-135a,Doxorubicin
miR-135a,Gefitinib
miR-135a,Paclitaxel
miR-135a,Oxaliplatin
miR-135a,Etoposide
miR-135a,Sorafenib
miR-135b,Imatinib
miR-135b,Doxorubicin
miR-135b,Fluorouracil
miR-135b,Paclitaxel
miR-135b,Erlotinib
miR-136,Cisplatin
miR-136,Sorafenib
miR-137,Cisplatin
miR-137,Doxorubicin
miR-137,Adriamycin
miR-137,Vincristine
miR-137,Taxol
miR-138,Cisplatin
miR-138,Gemcitabine
miR-138,Doxorubicin
miR-138,Gefitinib
miR-138,Temozolomide
miR-138,5-Fluorouracil
miR-138-1*,Doxorubicin
miR-138-1*,Vincristine
miR-138-1*,Prednisone
miR-139,Doxorubicin
miR-139,Paclitaxel
miR-139,platinum-based doublet chemotherapy 
miR-139,Sunitinib
miR-140,Gemcitabine
miR-140,Imatinib
miR-140,Doxorubicin
miR-140,Gefitinib
miR-140,Paclitaxel
miR-140,Methotrexate
miR-140,Verapamil
miR-140,Chemotherapy
miR-140,Erlotinib
miR-140,5-Fluorouracil
miR-140-3p,Cisplatin
miR-140-3p,Doxorubicin
miR-140-3p,Paclitaxel
miR-141,Cisplatin
miR-141,Doxorubicin
miR-141,Tamoxifen
miR-141,Paclitaxel
miR-141,Docetaxel
miR-141,Verapamil
miR-141,5-Fluorouracil
miR-141,10-Hydroxycamptothecin
miR-141,Sunitinib
miR-141*,Doxorubicin
miR-141*,Verapamil
miR-141-3p,Trastuzumab
miR-141-3p,Fluorouracil
miR-141-3p,Oxaliplatin
miR-142,Gemcitabine
miR-142,Doxorubicin
miR-142,Verapamil
miR-142,FOLFOX Chemotherapy
miR-142,Levetiracetam
miR-142,Valproate
miR-143,Gemcitabine
miR-143,Imatinib
miR-143,Doxorubicin
miR-143,Gefitinib
miR-143,Paclitaxel
miR-143,Ribavirin
miR-143,pegIFN/RBV therapy
miR-143*,Doxorubicin
miR-143*,Paclitaxel
miR-143*,Verapamil
miR-144,Cisplatin
miR-144,platinum-based doublet chemotherapy 
miR-144,FOLFOX Chemotherapy
miR-144,Dichloroacetate
miR-144-3p,Cisplatin
miR-144-3p,Sunitinib
miR-145,Cisplatin
miR-145,Doxorubicin
miR-145,Gefitinib
miR-145,Fluorouracil
miR-145,Oxaliplatin
miR-145,Docetaxel
miR-145,Vincristine
miR-145,Verapamil
miR-145,5-Fluorouracil
miR-145,Sunitinib
miR-145,Ribavirin
miR-145,pegIFN/RBV therapy
miR-1468,Gemcitabine
miR-1468,Oxaliplatin
miR-1469,Gemcitabine
miR-1469,Bortezomib
miR-1469,5-Fluorouracil
miR-146a,Cisplatin
miR-146a,Gemcitabine
miR-146a,Doxorubicin
miR-146a,Paclitaxel
miR-146a,Carboplatin
miR-146a,Docetaxel
miR-146a,Adriamycin
miR-146a,Vincristine
miR-146a,Verapamil
miR-146a,Sorafenib
miR-146a,Capecitabine
miR-146a,PLX4720
miR-146a,5-Fluorouracil
miR-146a,FOLFOX Chemotherapy
miR-146a,Cyclopamine
miR-146a,Interferon-alpha
miR-146a,Mitomycin C
miR-146b,Cisplatin
miR-146b,Gemcitabine
miR-146b,Imatinib
miR-146b,Doxorubicin
miR-146b,Paclitaxel
miR-146b,Carboplatin
miR-146b,Docetaxel
miR-146b,Vincristine
miR-146b,Verapamil
miR-146b,Sorafenib
miR-146b,Mitomycin C
miR-146b-5p,Cisplatin
miR-146b-5p,Doxorubicin
miR-146b-5p,Carboplatin
miR-146b-5p,Adriamycin
miR-146b-5p,Vincristine
miR-146b-5p,Methotrexate
miR-146b-5p,Mitomycin C
miR-148a,Cisplatin
miR-148a,Doxorubicin
miR-148a,Gefitinib
miR-148a,Verapamil
miR-148a,FOLFOX Chemotherapy
miR-148b,Cisplatin
miR-148b,Gemcitabine
miR-148b,Doxorubicin
miR-148b,Tamoxifen
miR-148b,Vincristine
miR-148b,Sorafenib
miR-148b,5-Fluorouracil
miR-148b,FOLFOX Chemotherapy
miR-148b,Prednisone
miR-148b,Cyclophosphamide
miR-149,Cisplatin
miR-149,Gemcitabine
miR-149,Doxorubicin
miR-149,Tamoxifen
miR-149,Fluorouracil
miR-149,Paclitaxel
miR-149,Docetaxel
miR-149,Adriamycin
miR-149,Methotrexate
miR-149,5-Fluorouracil
miR-149*,Cisplatin
miR-149*,Bortezomib
miR-150,Cisplatin
miR-150,Imatinib
miR-150,Doxorubicin
miR-150,Oxaliplatin
miR-150,Etoposide
miR-150,Sunitinib
miR-150,Pertuzumab
miR-151,Gemcitabine
miR-151,Imatinib
miR-151,Doxorubicin
miR-151,Tamoxifen
miR-151,Oxaliplatin
miR-151,Docetaxel
miR-151,Verapamil
miR-152,Cisplatin
miR-152,Gemcitabine
miR-152,Doxorubicin
miR-152,Docetaxel
miR-152,Chemotherapy
miR-152,Cetuximab
miR-153,Cisplatin
miR-153,Doxorubicin
miR-153,Oxaliplatin
miR-153,Verapamil
miR-154*,Doxorubicin
miR-154*,Verapamil
miR-155,Cisplatin
miR-155,Gemcitabine
miR-155,Doxorubicin
miR-155,Tamoxifen
miR-155,Paclitaxel
miR-155,Oxaliplatin
miR-155,Vincristine
miR-155,Etoposide
miR-155,Verapamil
miR-155,PLX4720
miR-155,5-Fluorouracil
miR-155,Sunitinib
miR-155,Cyclopamine
miR-155,Arsenic trioxide
miR-155-5p,Cisplatin
miR-155-5p,Doxorubicin
miR-155-5p,Paclitaxel
miR-15a,Cisplatin
miR-15a,Gemcitabine
miR-15a,Imatinib
miR-15a,Doxorubicin
miR-15a,Paclitaxel
miR-15a,Carboplatin
miR-15a,Docetaxel
miR-15a,Etoposide
miR-15a,Dexamethasone
miR-15a,5-Fluorouracil
miR-15a,FOLFOX Chemotherapy
miR-15a,Mitomycin C
miR-15a*,Doxorubicin
miR-15a*,Verapamil
miR-15b,Cisplatin
miR-15b,Gemcitabine
miR-15b,Imatinib
miR-15b,Paclitaxel
miR-15b,Oxaliplatin
miR-15b,TRAIL therapy
miR-15b,5-Fluorouracil
miR-15b*,Doxorubicin
miR-15b*,Verapamil
miR-16,Cisplatin
miR-16,Gemcitabine
miR-16,Imatinib
miR-16,Doxorubicin
miR-16,Paclitaxel
miR-16,Oxaliplatin
miR-16,Carboplatin
miR-16,Verapamil
miR-16,Temozolomide
miR-16,Dexamethasone
miR-16,Mitomycin C
miR-17,Cisplatin
miR-17,Gemcitabine
miR-17,Doxorubicin
miR-17,Paclitaxel
miR-17,Oxaliplatin
miR-17,Docetaxel
miR-17,Etoposide
miR-17,Sirolimus
miR-17,Chemotherapy
miR-17,Temozolomide
miR-17,Taxol
miR-17,5-Fluorouracil
miR-17,Cyclopamine
miR-17,Irinotecan
miR-17,Selumetinib
miR-17*,Gemcitabine
miR-17*,Doxorubicin
miR-17*,Cetuximab
miR-17*,5-Fluorouracil
miR-17-5p,Gefitinib
miR-17-5p,Fluorouracil
miR-17-5p,Paclitaxel
miR-17-5p,Oxaliplatin
miR-17-5p,Erlotinib
miR-17-5p,Irinotecan
miR-17-92,Cisplatin
miR-17-92,Doxorubicin
miR-17-92,Etoposide
miR-17-92,Sirolimus
miR-17-92,Staurosporine
miR-17-92,Topotecan
miR-181,Cisplatin
miR-181,Gefitinib
miR-181,Tamoxifen
miR-181a,Cisplatin
miR-181a,Doxorubicin
miR-181a,Gefitinib
miR-181a,Paclitaxel
miR-181a,Oxaliplatin
miR-181a,Carboplatin
miR-181a,Docetaxel
miR-181a,Adriamycin
miR-181a,Vincristine
miR-181a,Mitoxantrone
miR-181a,Verapamil
miR-181a,Chemotherapy
miR-181a,Sorafenib
miR-181a,Camptothecin
miR-181a,5-Fluorouracil
miR-181a,FOLFOX Chemotherapy
miR-181a,Platinum
miR-181a,Mitomycin C
miR-181a,Fludarabine
miR-181a,histone deacetylase inhibitor
miR-181a,intensive induction chemotherapy based on cytarabine and idarubicine
miR-181a*,Cisplatin
miR-181a*,Gemcitabine
miR-181a*,Doxorubicin
miR-181a*,Verapamil
miR-181a*,5-Fluorouracil
miR-181a*,Sunitinib
miR-181b,Cisplatin
miR-181b,Gemcitabine
miR-181b,Doxorubicin
miR-181b,Paclitaxel
miR-181b,Oxaliplatin
miR-181b,Docetaxel
miR-181b,Sorafenib
miR-181c,Cisplatin
miR-181c,Gemcitabine
miR-181c,Imatinib
miR-181c,Doxorubicin
miR-181c,Fluorouracil
miR-181c,Paclitaxel
miR-181c,Verapamil
miR-181c,platinum-based doublet chemotherapy 
miR-181d,Cisplatin
miR-181d,Gemcitabine
miR-181d,Doxorubicin
miR-181d,Tamoxifen
miR-181d,Oxaliplatin
miR-181d,Carboplatin
miR-181d,Docetaxel
miR-181d,Adriamycin
miR-181d,Vincristine
miR-181d,Verapamil
miR-181d,5-Fluorouracil
miR-181d,Mitomycin C
miR-182,Cisplatin
miR-182,Doxorubicin
miR-182,Tamoxifen
miR-182,Trastuzumab
miR-182,Fluorouracil
miR-182,Paclitaxel
miR-182,Oxaliplatin
miR-182,Glucocorticoid
miR-182,Cetuximab
miR-182*,Doxorubicin
miR-182*,Verapamil
miR-1825,Gemcitabine
miR-1825,5-Fluorouracil
miR-1825,Sunitinib
miR-1826,Gemcitabine
miR-1826,Oxaliplatin
miR-183,Cisplatin
miR-183,Doxorubicin
miR-183,Tamoxifen
miR-184,Doxorubicin
miR-184,Etoposide
miR-185,Cisplatin
miR-185,Gemcitabine
miR-185,Oxaliplatin
miR-185,5-Fluorouracil
miR-185,FOLFOX Chemotherapy
miR-186,Doxorubicin
miR-186,Methotrexate
miR-186,Verapamil
miR-186,platinum-based doublet chemotherapy 
miR-186*,Cisplatin
miR-186*,Doxorubicin
miR-186*,Oxaliplatin
miR-186*,Carboplatin
miR-186*,Vincristine
miR-186*,Mitomycin C
miR-187,Cisplatin
miR-187,Gemcitabine
miR-187,Doxorubicin
miR-187,Paclitaxel
miR-187,Vincristine
miR-187,Prednisone
miR-187,Cyclophosphamide
miR-187*,Gemcitabine
miR-187*,5-Fluorouracil
miR-188,Gemcitabine
miR-188,Doxorubicin
miR-188,Paclitaxel
miR-188,Etoposide
miR-188,5-Fluorouracil
miR-18a,Cisplatin
miR-18a,Gemcitabine
miR-18a,Doxorubicin
miR-18a,Paclitaxel
miR-18a,Verapamil
miR-18a,5-Fluorouracil
miR-18a,FOLFOX Chemotherapy
miR-18a,Ribavirin
miR-18a,pegIFN/RBV therapy
miR-18a,Cyclopamine
miR-18a*,Paclitaxel
miR-18a*,Cetuximab
miR-18a*,FOLFOX Chemotherapy
miR-18b,Cisplatin
miR-18b,Gemcitabine
miR-18b,Imatinib
miR-18b,Doxorubicin
miR-18b,5-Fluorouracil
miR-19,Paclitaxel
miR-19,Etoposide
miR-19,Mitoxantrone
miR-19,Sirolimus
miR-190,Doxorubicin
miR-190,Verapamil
miR-1908,Cisplatin
miR-1908,Gemcitabine
miR-1908,Doxorubicin
miR-1908,Paclitaxel
miR-1908,Oxaliplatin
miR-1908,Carboplatin
miR-1908,Vincristine
miR-1908,Bortezomib
miR-1908,5-Fluorouracil
miR-1908,Mitomycin C
miR-191,Cisplatin
miR-191,Gemcitabine
miR-191,Doxorubicin
miR-191,Oxaliplatin
miR-191,Docetaxel
miR-191,5-Fluorouracil
miR-191*,Doxorubicin
miR-191*,Vincristine
miR-191*,Prednisone
miR-1913,Gemcitabine
miR-1913,5-Fluorouracil
miR-1914*,Gemcitabine
miR-1914*,5-Fluorouracil
miR-1915,Cisplatin
miR-1915,Gemcitabine
miR-1915,Doxorubicin
miR-1915,Carboplatin
miR-1915,Vincristine
miR-1915,Bortezomib
miR-1915,5-Fluorouracil
miR-1915,Mitomycin C
miR-192,Cisplatin
miR-192,Doxorubicin
miR-192,Paclitaxel
miR-192,Docetaxel
miR-192,Sorafenib
miR-192,PLX4720
miR-192,FOLFOX Chemotherapy
miR-192,Sunitinib
miR-192*,Doxorubicin
miR-192*,Verapamil
miR-193a,Cisplatin
miR-193a,Gemcitabine
miR-193a,Doxorubicin
miR-193a,Tamoxifen
miR-193a,Paclitaxel
miR-193a,Oxaliplatin
miR-193a,Pirarubicin
miR-193a,Verapamil
miR-193a,Chemotherapy
miR-193a,Temozolomide
miR-193a,5-Fluorouracil
miR-193a,Sunitinib
miR-193a,Epirubicin HCl
miR-193a,SIOP treatment protocol
miR-193a-3p,Cisplatin
miR-193a-3p,Fluorouracil
miR-193a-3p,Paclitaxel
miR-193a-3p,Docetaxel
miR-193a-3p,Adriamycin
miR-193a-3p,Pirarubicin
miR-193a-3p,Vinorelbine
miR-193a-3p,Epirubicin hydrochloride
miR-193b,Cisplatin
miR-193b,Imatinib
miR-193b,Doxorubicin
miR-193b,Tamoxifen
miR-193b,Paclitaxel
miR-193b,Oxaliplatin
miR-193b,Docetaxel
miR-193b,Methotrexate
miR-193b,Sorafenib
miR-193b,5-Fluorouracil
miR-193b,FOLFOX Chemotherapy
miR-193b,Cyclopamine
miR-193b*,Cisplatin
miR-193b*,Gemcitabine
miR-193b*,Doxorubicin
miR-193b*,Paclitaxel
miR-193b*,Carboplatin
miR-193b*,Vincristine
miR-193b*,Temozolomide
miR-193b*,5-Fluorouracil
miR-193b*,Mitomycin C
miR-194,Cisplatin
miR-194,Gemcitabine
miR-194,Doxorubicin
miR-194,Carboplatin
miR-194,Docetaxel
miR-194,Vincristine
miR-194,Mitomycin C
miR-195,Cisplatin
miR-195,Gemcitabine
miR-195,Imatinib
miR-195,Doxorubicin
miR-195,Fluorouracil
miR-195,Paclitaxel
miR-195,Oxaliplatin
miR-195,Docetaxel
miR-195,Temozolomide
miR-195,platinum-based doublet chemotherapy 
miR-196a,Cisplatin
miR-196a,Imatinib
miR-196a,Doxorubicin
miR-196a,Tamoxifen
miR-196a,Docetaxel
miR-196a,Verapamil
miR-196a,Sorafenib
miR-196a,Fulvestrant
miR-196a-5p,Cisplatin
miR-196a-5p,Gemcitabine
miR-196b,Gemcitabine
miR-196b,Doxorubicin
miR-196b,Verapamil
miR-196b,5-Fluorouracil
miR-197,Tamoxifen
miR-197,Fluorouracil
miR-197,Paclitaxel
miR-197,Oxaliplatin
miR-197,Etoposide
miR-197,Taxol
miR-197-3p,Cisplatin
miR-197-3p,Gefitinib
miR-197-3p,Paclitaxel
miR-197-3p,Adriamycin
miR-1973,Cisplatin
miR-1973,Paclitaxel
miR-1976,Gemcitabine
miR-1976,5-Fluorouracil
miR-198,Cisplatin
miR-198,Etoposide
miR-199a,Cisplatin
miR-199a,Doxorubicin
miR-199a,Tamoxifen
miR-199a,Paclitaxel
miR-199a,Verapamil
miR-199a,Cetuximab
miR-199a,FOLFOX Chemotherapy
miR-199a,Sunitinib
miR-199a-3p,Cisplatin
miR-199a-3p,Doxorubicin
miR-199a-3p,Carboplatin
miR-199a-5p,Cisplatin
miR-199a-5p,Cetuximab
miR-199a-5p,histone deacetylase inhibitor
miR-199b,Cisplatin
miR-199b,Imatinib
miR-199b,Doxorubicin
miR-199b,Oxaliplatin
miR-199b,Verapamil
miR-199b,Cetuximab
miR-199b*,Vincristine
miR-199b*,Daunorubicin
miR-199b*,L-asparaginase
miR-199b*,Prednisolone
miR-19a,Cisplatin
miR-19a,Gemcitabine
miR-19a,Doxorubicin
miR-19a,Gefitinib
miR-19a,Fluorouracil
miR-19a,Paclitaxel
miR-19a,Oxaliplatin
miR-19a,Carboplatin
miR-19a,Adriamycin
miR-19a,Vincristine
miR-19a,Verapamil
miR-19a,Chemotherapy
miR-19a,Epirubicin
miR-19a,FOLFOX Chemotherapy
miR-19a,Leucovorin
miR-19b,Cisplatin
miR-19b,Gemcitabine
miR-19b,Doxorubicin
miR-19b,Fluorouracil
miR-19b,Adriamycin
miR-19b,Vincristine
miR-19b,Etoposide
miR-19b,Verapamil
miR-19b,Cetuximab
miR-19b,5-Fluorouracil
miR-19b,FOLFOX Chemotherapy
miR-19b-1*,Gemcitabine
miR-19b-1*,Doxorubicin
miR-19b-1*,Verapamil
miR-19b-1*,5-Fluorouracil
miR-200,Tamoxifen
miR-200,Paclitaxel
miR-200,Carboplatin
miR-200a,Cisplatin
miR-200a,Doxorubicin
miR-200a,Tamoxifen
miR-200a,Paclitaxel
miR-200a,Oxaliplatin
miR-200a,Verapamil
miR-200a,Curcumin
miR-200b,Cisplatin
miR-200b,Doxorubicin
miR-200b,Tamoxifen
miR-200b,Oxaliplatin
miR-200b,Docetaxel
miR-200b,Vincristine
miR-200b,Curcumin
miR-200c,Cisplatin
miR-200c,Doxorubicin
miR-200c,Tamoxifen
miR-200c,Paclitaxel
miR-200c,Oxaliplatin
miR-200c,Carboplatin
miR-200c,Docetaxel
miR-200c,Vincristine
miR-200c,Methotrexate
miR-200c,Verapamil
miR-200c,Chemotherapy
miR-200c,Erlotinib
miR-200c,5-Fluorouracil
miR-200c,Cyclopamine
miR-200c*,Gemcitabine
miR-200c*,5-Fluorouracil
miR-202,Doxorubicin
miR-202,Etoposide
miR-203,Cisplatin
miR-203,Imatinib
miR-203,Doxorubicin
miR-203,Tamoxifen
miR-203,Oxaliplatin
miR-203,Vincristine
miR-203,Cetuximab
miR-203,Daunorubicin
miR-203,L-asparaginase
miR-203,Prednisolone
miR-204,Cisplatin
miR-204,Gemcitabine
miR-204,Fluorouracil
miR-204,Epirubicin
miR-204,Cyclophosphamide
miR-204-5p,Fluorouracil
miR-204-5p,Vemurafenib
miR-205,Cisplatin
miR-205,Gemcitabine
miR-205,Doxorubicin
miR-205,Paclitaxel
miR-205,Oxaliplatin
miR-205,Docetaxel
miR-205,Verapamil
miR-205,Epirubicin
miR-205,5-Fluorouracil
miR-205,FOLFOX Chemotherapy
miR-206,Cisplatin
miR-206,Doxorubicin
miR-206,Fluorouracil
miR-206,Oxaliplatin
miR-206,Verapamil
miR-206,Sorafenib
miR-206,Euthyrox
miR-20a,Cisplatin
miR-20a,Gemcitabine
miR-20a,Doxorubicin
miR-20a,Oxaliplatin
miR-20a,Docetaxel
miR-20a,Adriamycin
miR-20a,Vincristine
miR-20a,Etoposide
miR-20a,5-Fluorouracil
miR-20a,FOLFOX Chemotherapy
miR-20a,Teniposide
miR-20a-5p,Doxorubicin
miR-20a-5p,Etoposide
miR-20b,Cisplatin
miR-20b,Gemcitabine
miR-20b,Paclitaxel
miR-20b,Oxaliplatin
miR-20b,Taxol
miR-20b,5-Fluorouracil
miR-20b,FOLFOX Chemotherapy
miR-20b*,Doxorubicin
miR-20b*,Tamoxifen
miR-20b*,Paclitaxel
miR-21,Cisplatin
miR-21,Gemcitabine
miR-21,Doxorubicin
miR-21,Gefitinib
miR-21,Tamoxifen
miR-21,Trastuzumab
miR-21,Fluorouracil
miR-21,Paclitaxel
miR-21,Oxaliplatin
miR-21,Docetaxel
miR-21,Adriamycin
miR-21,Vincristine
miR-21,Etoposide
miR-21,Verapamil
miR-21,Chemotherapy
miR-21,TRAIL therapy
miR-21,Sorafenib
miR-21,Temozolomide
miR-21,Cetuximab
miR-21,Curcumin
miR-21,PLX4720
miR-21,5-Fluorouracil
miR-21,Daunorubicin
miR-21,FOLFOX Chemotherapy
miR-21,Prednisone
miR-21,Cyclophosphamide
miR-21,Interferon-alpha
miR-21,Arsenic trioxide
miR-21,Teniposide
miR-21,Arsenic Trioxide
miR-21,Betulinic acid
miR-21,Carmustine
miR-21,Dibenziodolium
miR-21,Hydrogen Peroxide
miR-21,Pingyangmycin
miR-21*,Doxorubicin
miR-21*,Tamoxifen
miR-21*,Paroxetine
miR-21-5p,Fluorouracil
miR-21-5p,Oxaliplatin
miR-210,Cisplatin
miR-210,Gemcitabine
miR-210,Imatinib
miR-210,Doxorubicin
miR-210,Trastuzumab
miR-210,Paclitaxel
miR-210,Docetaxel
miR-210,Methotrexate
miR-210,Temozolomide
miR-210,5-Fluorouracil
miR-210,FOLFOX Chemotherapy
miR-211,Cisplatin
miR-211,Doxorubicin
miR-212,Imatinib
miR-212,Doxorubicin
miR-212,Docetaxel
miR-212,Cetuximab
miR-213,Tamoxifen
miR-213,Paclitaxel
miR-214,Cisplatin
miR-214,Gemcitabine
miR-214,Imatinib
miR-214,Doxorubicin
miR-214,Gefitinib
miR-214,Paclitaxel
miR-214,Oxaliplatin
miR-214,Adriamycin
miR-214*,Doxorubicin
miR-214*,Vincristine
miR-214*,Verapamil
miR-214*,Prednisone
miR-215,Cisplatin
miR-215,Doxorubicin
miR-215,Vincristine
miR-215,Methotrexate
miR-215,Chemotherapy
miR-215,Capecitabine
miR-215,5-Fluorouracil
miR-215,FOLFOX Chemotherapy
miR-215,Raltitrexed
miR-215,Tomudex
miR-216,Cisplatin
miR-216,Oxaliplatin
miR-216,5-Fluorouracil
miR-216a,Cisplatin
miR-216a,Doxorubicin
miR-216a,Verapamil
miR-216a,Sorafenib
miR-216b,Doxorubicin
miR-216b,Oxaliplatin
miR-216b,Verapamil
miR-217,Tamoxifen
miR-217,Paclitaxel
miR-217,Carboplatin
miR-217,Etoposide
miR-217,Sorafenib
miR-217,Lapatinib
miR-218,Cisplatin
miR-218,Gemcitabine
miR-218,Paclitaxel
miR-218,Oxaliplatin
miR-218,Vincristine
miR-218,Etoposide
miR-218,5-Fluorouracil
miR-219,Doxorubicin
miR-219,Verapamil
miR-219-2,Paclitaxel
miR-219-2,Cetuximab
miR-22,Cisplatin
miR-22,Gemcitabine
miR-22,Doxorubicin
miR-22,Gefitinib
miR-22,Paclitaxel
miR-22,Carboplatin
miR-22,Vincristine
miR-22,Chemotherapy
miR-22,FOLFOX Chemotherapy
miR-22,Mitomycin C
miR-22,Pemetrexed
miR-22*,Gemcitabine
miR-22*,5-Fluorouracil
miR-22-3p,Cisplatin
miR-22-3p,Gemcitabine
miR-22-3p,Paclitaxel
miR-22-3p,Adriamycin
miR-22-3p,Pirarubicin
miR-22-3p,Epirubicin hydrochloride
miR-22-3p,10-hydroxycamptothecin
miR-220,Doxorubicin
miR-220,Verapamil
miR-221,Cisplatin
miR-221,Gemcitabine
miR-221,Doxorubicin
miR-221,Gefitinib
miR-221,Tamoxifen
miR-221,Trastuzumab
miR-221,Paclitaxel
miR-221,Oxaliplatin
miR-221,Adriamycin
miR-221,Verapamil
miR-221,Chemotherapy
miR-221,TRAIL therapy
miR-221,Sorafenib
miR-221,Melphalan
miR-221,Cetuximab
miR-221,FOLFOX Chemotherapy
miR-221,Fludarabine
miR-221,Fulvestrant
miR-221,Carmustine
miR-221,AGRO100
miR-221,Dihydrotestosterone
miR-221*,Gemcitabine
miR-221*,5-Fluorouracil
miR-222,Cisplatin
miR-222,Gemcitabine
miR-222,Doxorubicin
miR-222,Gefitinib
miR-222,Tamoxifen
miR-222,Fluorouracil
miR-222,Oxaliplatin
miR-222,Docetaxel
miR-222,Adriamycin
miR-222,Vincristine
miR-222,TRAIL therapy
miR-222,Sorafenib
miR-222,Melphalan
miR-222,5-Fluorouracil
miR-222,FOLFOX Chemotherapy
miR-222,Fulvestrant
miR-222,AGRO100
miR-222,Dihydrotestosterone
miR-222*,Gemcitabine
miR-222*,5-Fluorouracil
miR-223,Cisplatin
miR-223,Gemcitabine
miR-223,Doxorubicin
miR-223,Trastuzumab
miR-223,Temozolomide
miR-223,Erlotinib
miR-223,Platinum
miR-223,DAPT
miR-223,modified ALLIC BFM 2002 protocol
miR-224,Cisplatin
miR-224,Imatinib
miR-224,Doxorubicin
miR-224,Oxaliplatin
miR-224,Adriamycin
miR-224,Vincristine
miR-224,Methotrexate
miR-224,Sorafenib
miR-224,Prednisone
miR-224,5-fluorouracil
miR-2277,Doxorubicin
miR-2277,Paclitaxel
miR-23a,Cisplatin
miR-23a,Doxorubicin
miR-23a,Carboplatin
miR-23a,Vincristine
miR-23a,Chemotherapy
miR-23a,PLX4720
miR-23a,Mitomycin C
miR-23a,modified ALLIC BFM 2002 protocol
miR-23a,5-fluorouracil
miR-23b,Paclitaxel
miR-23b,Etoposide
miR-23b,PLX4720
miR-23b,platinum-based doublet chemotherapy 
miR-23b,Cyclopamine
miR-23b-3p,Cisplatin
miR-23b-3p,Fluorouracil
miR-24,Cisplatin
miR-24,Oxaliplatin
miR-24,Docetaxel
miR-24,platinum-based doublet chemotherapy 
miR-24,5-Fluorouracil
miR-25,Cisplatin
miR-25,Gemcitabine
miR-25,Imatinib
miR-25,Doxorubicin
miR-25,Oxaliplatin
miR-25,Verapamil
miR-25,Chemotherapy
miR-25,Epirubicin
miR-25,5-Fluorouracil
miR-25*,Cisplatin
miR-25*,Gemcitabine
miR-25*,Doxorubicin
miR-25*,Vincristine
miR-25*,5-Fluorouracil
miR-26a,Cisplatin
miR-26a,Doxorubicin
miR-26a,Gefitinib
miR-26a,Tamoxifen
miR-26a,Oxaliplatin
miR-26a,Docetaxel
miR-26a,Verapamil
miR-26a,Cetuximab
miR-26a,platinum-based doublet chemotherapy 
miR-26a,5-Fluorouracil
miR-26a-MM1,Doxorubicin
miR-26a-MM1,Verapamil
miR-26b,Cisplatin
miR-26b,Doxorubicin
miR-26b,Oxaliplatin
miR-26b,Carboplatin
miR-26b,Docetaxel
miR-26b,Vincristine
miR-26b,Etoposide
miR-26b,Chemotherapy
miR-26b,5-Fluorouracil
miR-26b,FOLFOX Chemotherapy
miR-26b,Mitomycin C
miR-275,Oxaliplatin
miR-275,Vincristine
miR-27a,Cisplatin
miR-27a,Doxorubicin
miR-27a,Paclitaxel
miR-27a,Docetaxel
miR-27a,Adriamycin
miR-27a,Vincristine
miR-27a,Taxol
miR-27a,Vinblastine
miR-27a,PLX4720
miR-27a,5-Fluorouracil
miR-27a,Fluoropyrimidine
miR-27a,SIOP treatment protocol
miR-27a,Hydroxyurea
miR-27b,Cisplatin
miR-27b,Imatinib
miR-27b,Doxorubicin
miR-27b,Tamoxifen
miR-27b,Fluorouracil
miR-27b,Carboplatin
miR-27b,Docetaxel
miR-27b,Adriamycin
miR-27b,Vincristine
miR-27b,Methotrexate
miR-27b,Cetuximab
miR-27b,PLX4720
miR-27b,platinum-based doublet chemotherapy 
miR-27b,Cyclophosphamide
miR-27b,Mitomycin C
miR-27b ,Cisplatin
miR-27b ,Doxorubicin
miR-27b ,Carboplatin
miR-27b ,Mitomycin C
miR-28,Gemcitabine
miR-28,Doxorubicin
miR-28,Paclitaxel
miR-28,Verapamil
miR-28,Epirubicin
miR-2861,Gemcitabine
miR-2861,Bortezomib
miR-2861,5-Fluorouracil
miR-296,Cisplatin
miR-296,Doxorubicin
miR-296,Paclitaxel
miR-296,Vincristine
miR-296,Cetuximab
miR-296,Capecitabine
miR-296,5-Fluorouracil
miR-296,Sunitinib
miR-298,Doxorubicin
miR-298,Etoposide
miR-299,Doxorubicin
miR-299,Gefitinib
miR-299,Verapamil
miR-29a,Cisplatin
miR-29a,Doxorubicin
miR-29a,Paclitaxel
miR-29a,Oxaliplatin
miR-29a,Docetaxel
miR-29a,Adriamycin
miR-29a,Etoposide
miR-29a,Taxol
miR-29a,FOLFOX Chemotherapy
miR-29a,Sunitinib
miR-29a,Fludarabine
miR-29a*,Doxorubicin
miR-29a*,Verapamil
miR-29b,Cisplatin
miR-29b,Gemcitabine
miR-29b,Imatinib
miR-29b,Doxorubicin
miR-29b,Paclitaxel
miR-29b,Oxaliplatin
miR-29b,Etoposide
miR-29b,FOLFOX Chemotherapy
miR-29b,Cyclopamine
miR-29b,Ethanol
miR-29b-1*,Gemcitabine
miR-29b-1*,5-Fluorouracil
miR-29b-2*,Doxorubicin
miR-29b-2*,Vincristine
miR-29b-2*,Capecitabine
miR-29b-2*,5-Fluorouracil
miR-29b-2*,Prednisone
miR-29c,Cisplatin
miR-29c,Gemcitabine
miR-29c,Doxorubicin
miR-29c,Paclitaxel
miR-29c,Oxaliplatin
miR-29c,Etoposide
miR-29c,Verapamil
miR-29c,Cetuximab
miR-29c,platinum-based doublet chemotherapy 
miR-29c,5-Fluorouracil
miR-29c,FOLFOX Chemotherapy
miR-300,Cisplatin
miR-300,Tamoxifen
miR-301a,Cisplatin
miR-301a,Gemcitabine
miR-301a,Imatinib
miR-301a,Doxorubicin
miR-301a,Paclitaxel
miR-301a,Docetaxel
miR-301a,Adriamycin
miR-301b,Gemcitabine
miR-301b,Doxorubicin
miR-301b,Docetaxel
miR-301b,Verapamil
miR-301b,5-Fluorouracil
miR-302a,Doxorubicin
miR-302a,Verapamil
miR-302b,Cisplatin
miR-302b,Doxorubicin
miR-302c,Cisplatin
miR-302c,Doxorubicin
miR-302c,Verapamil
miR-302c*,Doxorubicin
miR-302c*,Verapamil
miR-3065,Gemcitabine
miR-3065,platinum-based doublet chemotherapy 
miR-3065,5-Fluorouracil
miR-30a,Gemcitabine
miR-30a,Imatinib
miR-30a,Doxorubicin
miR-30a,Paclitaxel
miR-30a,Oxaliplatin
miR-30a,Docetaxel
miR-30a,Chemotherapy
miR-30a,FOLFOX Chemotherapy
miR-30a*,Doxorubicin
miR-30a*,Verapamil
miR-30b,Cisplatin
miR-30b,Imatinib
miR-30b,Doxorubicin
miR-30b,Gefitinib
miR-30b,Paclitaxel
miR-30b,Oxaliplatin
miR-30b,Carboplatin
miR-30b,PLX4720
miR-30b,5-Fluorouracil
miR-30b,Paroxetine
miR-30b,Mitomycin C
miR-30b*,Doxorubicin
miR-30b*,Verapamil
miR-30b*,Paroxetine
miR-30b*,Sunitinib
miR-30c,Imatinib
miR-30c,Doxorubicin
miR-30c,Gefitinib
miR-30c,Paclitaxel
miR-30c,Oxaliplatin
miR-30c,TRAIL therapy
miR-30c,platinum-based doublet chemotherapy 
miR-30c,Cyclopamine
miR-30d,Cisplatin
miR-30d,Oxaliplatin
miR-30d,Docetaxel
miR-30d,Etoposide
miR-30d,5-Fluorouracil
miR-30d,Paroxetine
miR-30d,histone deacetylase inhibitor
miR-30d*,Doxorubicin
miR-30d*,Verapamil
miR-30e,Cisplatin
miR-30e,Doxorubicin
miR-30e,Oxaliplatin
miR-30e,Docetaxel
miR-30e,Verapamil
miR-30e,platinum-based doublet chemotherapy 
miR-30e,FOLFOX Chemotherapy
miR-30e*,Doxorubicin
miR-30e*,Verapamil
miR-31,Cisplatin
miR-31,Doxorubicin
miR-31,Gefitinib
miR-31,Fluorouracil
miR-31,Oxaliplatin
miR-31,Docetaxel
miR-31,Etoposide
miR-31,Verapamil
miR-31,5-Fluorouracil
miR-31,Sunitinib
miR-31*,Gemcitabine
miR-31*,Doxorubicin
miR-31*,Verapamil
miR-31*,5-Fluorouracil
miR-3126,Gemcitabine
miR-3126,5-Fluorouracil
miR-3127,Dasatinib
miR-3127,Paclitaxel
miR-3130,Gemcitabine
miR-3130,5-Fluorouracil
miR-3141,Gemcitabine
miR-3141,5-Fluorouracil
miR-3147,Gemcitabine
miR-3147,5-Fluorouracil
miR-3154,Gemcitabine
miR-3154,5-Fluorouracil
miR-3173,Gemcitabine
miR-3173,5-Fluorouracil
miR-3177,Gemcitabine
miR-3177,5-Fluorouracil
miR-3178,Gemcitabine
miR-3178,5-Fluorouracil
miR-3180,Gemcitabine
miR-3180,5-Fluorouracil
miR-3184,Gemcitabine
miR-3184,5-Fluorouracil
miR-3186,Gemcitabine
miR-3186,Doxorubicin
miR-3186,5-Fluorouracil
miR-3187,Gemcitabine
miR-3187,5-Fluorouracil
miR-3193,Gemcitabine
miR-3193,5-Fluorouracil
miR-3195,Gemcitabine
miR-3195,5-Fluorouracil
miR-3196,Paclitaxel
miR-3196,Bortezomib
miR-32,Gemcitabine
miR-32,Doxorubicin
miR-32,Paclitaxel
miR-32,Verapamil
miR-32,FOLFOX Chemotherapy
miR-32,Cytarabine
miR-320,Doxorubicin
miR-320,Etoposide
miR-320,Methotrexate
miR-320,Verapamil
miR-3200,Gemcitabine
miR-3200,5-Fluorouracil
miR-320a,Cisplatin
miR-320a,Imatinib
miR-320a,Doxorubicin
miR-320a,Tamoxifen
miR-320a,Fluorouracil
miR-320a,Oxaliplatin
miR-320a,PLX4720
miR-320c,Gemcitabine
miR-320c,Oxaliplatin
miR-320d,Cisplatin
miR-320d,Doxorubicin
miR-320d,Oxaliplatin
miR-320d,Docetaxel
miR-324,Gemcitabine
miR-324,Imatinib
miR-324,Tamoxifen
miR-324,Oxaliplatin
miR-324,5-Fluorouracil
miR-324,FOLFOX Chemotherapy
miR-328,Gemcitabine
miR-328,Imatinib
miR-328,Doxorubicin
miR-328,Mitoxantrone
miR-328,platinum-based doublet chemotherapy 
miR-328,5-Fluorouracil
miR-328,Paroxetine
miR-330,Gemcitabine
miR-330,Doxorubicin
miR-330,Tamoxifen
miR-330,Paclitaxel
miR-330,Etoposide
miR-330,Verapamil
miR-330,5-Fluorouracil
miR-331,Cisplatin
miR-331,Doxorubicin
miR-331,Tamoxifen
miR-331,Verapamil
miR-331,PLX4720
miR-331,platinum-based doublet chemotherapy 
miR-331,FOLFOX Chemotherapy
miR-335,Cisplatin
miR-335,Imatinib
miR-335,Doxorubicin
miR-335,Adriamycin
miR-335,Vincristine
miR-335,Etoposide
miR-335,PLX4720
miR-335,Daunorubicin
miR-335,L-asparaginase
miR-335,Prednisolone
miR-335,FOLFOX Chemotherapy
miR-335,Cytarabine
miR-335,chemotherapy
miR-338,Gemcitabine
miR-338,Doxorubicin
miR-338,Oxaliplatin
miR-338,5-Fluorouracil
miR-338,10-Hydroxycamptothecin
miR-339,Cisplatin
miR-339,Gemcitabine
miR-339,Doxorubicin
miR-339,Tamoxifen
miR-339,Docetaxel
miR-339,Verapamil
miR-339,Cetuximab
miR-339,5-Fluorouracil
miR-339,FOLFOX Chemotherapy
miR-33a,Cisplatin
miR-33a,Doxorubicin
miR-33a,Verapamil
miR-33a*,Gemcitabine
miR-33a*,Doxorubicin
miR-33a*,Verapamil
miR-33a*,5-Fluorouracil
miR-33b,Doxorubicin
miR-33b,Bortezomib
miR-33b,Verapamil
miR-33b,Chemotherapy
miR-340,Cisplatin
miR-340,Docetaxel
miR-340,PLX4720
miR-342,Doxorubicin
miR-342,Tamoxifen
miR-342,Paclitaxel
miR-342,Oxaliplatin
miR-342,Docetaxel
miR-345,Doxorubicin
miR-345,Tamoxifen
miR-345,Verapamil
miR-345,Sorafenib
miR-346,Gemcitabine
miR-346,Paclitaxel
miR-346,5-Fluorouracil
miR-34a,Cisplatin
miR-34a,Gemcitabine
miR-34a,Doxorubicin
miR-34a,Tamoxifen
miR-34a,Fluorouracil
miR-34a,Paclitaxel
miR-34a,Oxaliplatin
miR-34a,Docetaxel
miR-34a,Adriamycin
miR-34a,Verapamil
miR-34a,Camptothecin
miR-34a,platinum-based doublet chemotherapy 
miR-34a,FOLFOX Chemotherapy
miR-34a,Vemurafenib
miR-34a,Sunitinib
miR-34a,Cyclopamine
miR-34a-5p,Cisplatin
miR-34a-5p,Doxorubicin
miR-34a-5p,Carboplatin
miR-34a-5p,Etoposide
miR-34a-5p,Methotrexate
miR-34b,Doxorubicin
miR-34b,Oxaliplatin
miR-34b,Docetaxel
miR-34b,Verapamil
miR-34b,platinum-based doublet chemotherapy 
miR-34b,Ribavirin
miR-34b,pegIFN/RBV therapy
miR-34c,Cisplatin
miR-34c,Gemcitabine
miR-34c,Imatinib
miR-34c,Doxorubicin
miR-34c,Paclitaxel
miR-3607,Cisplatin
miR-3607,PLX4720
miR-361,Gemcitabine
miR-361,Doxorubicin
miR-361,Tamoxifen
miR-361,Oxaliplatin
miR-361,Methotrexate
miR-361,Verapamil
miR-361,PLX4720
miR-361,platinum-based doublet chemotherapy 
miR-361,5-Fluorouracil
miR-3619,Gemcitabine
miR-3619,5-Fluorouracil
miR-362,Cisplatin
miR-362,Gemcitabine
miR-362,Imatinib
miR-362,Doxorubicin
miR-362,5-Fluorouracil
miR-362,Sunitinib
miR-3621,Cisplatin
miR-3621,Gemcitabine
miR-3621,5-Fluorouracil
miR-363,Cisplatin
miR-363,Fluorouracil
miR-363,Paclitaxel
miR-363,Docetaxel
miR-363,Chemotherapy
miR-363,PLX4720
miR-363,intensive induction chemotherapy based on cytarabine and idarubicine
miR-363*,Cisplatin
miR-363*,5-Fluorouracil
miR-363*,Paroxetine
miR-3647,Gemcitabine
miR-3647,5-Fluorouracil
miR-365,Cisplatin
miR-365,Gemcitabine
miR-365,Imatinib
miR-365,Tamoxifen
miR-365,Methotrexate
miR-365,5-Fluorouracil
miR-365,10-Hydroxycamptothecin
miR-365,FOLFOX Chemotherapy
miR-3651,Cisplatin
miR-3651,PLX4720
miR-3653,Cisplatin
miR-3653,PLX4720
miR-3665,Gemcitabine
miR-3665,5-Fluorouracil
miR-367,Doxorubicin
miR-367,Paclitaxel
miR-367,Verapamil
miR-3676,Gemcitabine
miR-3676,5-Fluorouracil
miR-3682,Gemcitabine
miR-3682,5-Fluorouracil
miR-3687,Cisplatin
miR-3687,Gemcitabine
miR-3687,5-Fluorouracil
miR-369,Gemcitabine
miR-369,Doxorubicin
miR-369,Verapamil
miR-370,Cisplatin
miR-370,Gemcitabine
miR-370,Doxorubicin
miR-370,Verapamil
miR-370,5-Fluorouracil
miR-371,Cisplatin
miR-371,Gemcitabine
miR-371,Docetaxel
miR-371,5-Fluorouracil
miR-371,10-Hydroxycamptothecin
miR-372,Cisplatin
miR-372,Gemcitabine
miR-372,Oxaliplatin
miR-372,5-Fluorouracil
miR-372,10-Hydroxycamptothecin
miR-373,Cisplatin
miR-373,Gemcitabine
miR-373,Doxorubicin
miR-373,Paclitaxel
miR-373,Verapamil
miR-373,10-Hydroxycamptothecin
miR-373,Cyclopamine
miR-373*,Cisplatin
miR-373*,Doxorubicin
miR-373*,Verapamil
miR-374a,Cisplatin
miR-374a,Gefitinib
miR-374a,Tamoxifen
miR-374a*,Doxorubicin
miR-374a*,Verapamil
miR-374b,Cisplatin
miR-374b,Gemcitabine
miR-374b,Tamoxifen
miR-374b,Sorafenib
miR-375,Cisplatin
miR-375,Doxorubicin
miR-375,Gefitinib
miR-375,Tamoxifen
miR-375,Trastuzumab
miR-375,Paclitaxel
miR-375,Oxaliplatin
miR-375,Docetaxel
miR-375,Methotrexate
miR-375,Chemotherapy
miR-375,Cetuximab
miR-375,Epirubicin
miR-375,Vinorelbine
miR-376c,Cisplatin
miR-376c,Doxorubicin
miR-376c,Verapamil
miR-377,Cisplatin
miR-377,Paclitaxel
miR-378,Cisplatin
miR-378,Gemcitabine
miR-378,Doxorubicin
miR-378,Methotrexate
miR-378,Epirubicin
miR-378,5-Fluorouracil
miR-378a,Doxorubicin
miR-378a,Vincristine
miR-378c,Cisplatin
miR-378c,Gemcitabine
miR-378c,5-Fluorouracil
miR-378d,Gemcitabine
miR-378d,5-Fluorouracil
miR-378e,Gemcitabine
miR-378e,5-Fluorouracil
miR-378f,Gemcitabine
miR-378f,5-Fluorouracil
miR-378g,Gemcitabine
miR-378g,5-Fluorouracil
miR-378i,Gemcitabine
miR-378i,5-Fluorouracil
miR-381,Doxorubicin
miR-381,Docetaxel
miR-381,Chemotherapy
miR-382,Cisplatin
miR-382,Doxorubicin
miR-382,Oxaliplatin
miR-382,Methotrexate
miR-383,Cisplatin
miR-383,Oxaliplatin
miR-383,Vincristine
miR-383,Daunorubicin
miR-383,L-asparaginase
miR-383,Prednisolone
miR-3937,Gemcitabine
miR-3937,5-Fluorouracil
miR-3940,Gemcitabine
miR-3940,5-Fluorouracil
miR-3960,Gemcitabine
miR-3960,5-Fluorouracil
miR-409,PLX4720
miR-409,FOLFOX Chemotherapy
miR-410,Doxorubicin
miR-410,Verapamil
miR-411,Cisplatin
miR-411,Paclitaxel
miR-412,Doxorubicin
miR-412,Oxaliplatin
miR-412,Verapamil
miR-421,Cisplatin
miR-421,Gemcitabine
miR-421,Oxaliplatin
miR-421,5-Fluorouracil
miR-422a,Gemcitabine
miR-422a,Doxorubicin
miR-422a,5-Fluorouracil
miR-423,Cisplatin
miR-423,Gemcitabine
miR-423,Gefitinib
miR-423,Tamoxifen
miR-423,Oxaliplatin
miR-423,5-Fluorouracil
miR-423,FOLFOX Chemotherapy
miR-424,Gemcitabine
miR-424,Doxorubicin
miR-424,Docetaxel
miR-424,Etoposide
miR-424,5-Fluorouracil
miR-424*,Cisplatin
miR-424*,Gemcitabine
miR-424*,Vincristine
miR-424*,5-Fluorouracil
miR-425,Gemcitabine
miR-425,Doxorubicin
miR-425,Tamoxifen
miR-425,Oxaliplatin
miR-425,Vincristine
miR-425,Verapamil
miR-425,PLX4720
miR-425,5-Fluorouracil
miR-425*,Gemcitabine
miR-425*,Sorafenib
miR-425*,5-Fluorouracil
miR-425*,Paroxetine
miR-4257,Gemcitabine
miR-4257,5-Fluorouracil
miR-4258,Gemcitabine
miR-4258,5-Fluorouracil
miR-4261,Gemcitabine
miR-4261,5-Fluorouracil
miR-4279,Gemcitabine
miR-4279,5-Fluorouracil
miR-4284,Cisplatin
miR-4284,Gemcitabine
miR-4284,Doxorubicin
miR-4284,Docetaxel
miR-4284,5-Fluorouracil
miR-4286,Gemcitabine
miR-4286,5-Fluorouracil
miR-4288,Gemcitabine
miR-4288,Paclitaxel
miR-4288,5-Fluorouracil
miR-429,Cisplatin
miR-429,Gemcitabine
miR-429,Doxorubicin
miR-429,Tamoxifen
miR-429,Oxaliplatin
miR-429,Docetaxel
miR-429,Vincristine
miR-429,Verapamil
miR-429,5-Fluorouracil
miR-429,10-Hydroxycamptothecin
miR-431,Doxorubicin
miR-431,Docetaxel
miR-431,Verapamil
miR-433,Paclitaxel
miR-433,Oxaliplatin
miR-4428,Gemcitabine
miR-4428,5-Fluorouracil
miR-4430,Doxorubicin
miR-4430,Vincristine
miR-4454,Gemcitabine
miR-4454,5-Fluorouracil
miR-4463,Gemcitabine
miR-4463,5-Fluorouracil
miR-4465,Gemcitabine
miR-4465,5-Fluorouracil
miR-4466,Gemcitabine
miR-4466,5-Fluorouracil
miR-4467,Gemcitabine
miR-4467,5-Fluorouracil
miR-4476,Gemcitabine
miR-4476,5-Fluorouracil
miR-4478,Gemcitabine
miR-4478,5-Fluorouracil
miR-448,Doxorubicin
miR-448,Verapamil
miR-4484,Gemcitabine
miR-4484,5-Fluorouracil
miR-4485,Gemcitabine
miR-4485,5-Fluorouracil
miR-4488,Gemcitabine
miR-4488,5-Fluorouracil
miR-4492,Gemcitabine
miR-4492,5-Fluorouracil
miR-4497,Gemcitabine
miR-4497,5-Fluorouracil
miR-449a,Tamoxifen
miR-449a,platinum-based doublet chemotherapy 
miR-4508,Gemcitabine
miR-4508,5-Fluorouracil
miR-450a,Gemcitabine
miR-450a,Doxorubicin
miR-450a,Verapamil
miR-450a,5-Fluorouracil
miR-451,Cisplatin
miR-451,Doxorubicin
miR-451,Docetaxel
miR-451,Adriamycin
miR-451,Verapamil
miR-451,Cetuximab
miR-451,Vinblastine
miR-451,Epirubicin
miR-451,FOLFOX Chemotherapy
miR-451,Hydroxyurea
miR-4516,Gemcitabine
miR-4516,5-Fluorouracil
miR-452,Cisplatin
miR-452,Gemcitabine
miR-452,Docetaxel
miR-452,Temozolomide
miR-452,10-Hydroxycamptothecin
miR-4521,Gemcitabine
miR-4521,5-Fluorouracil
miR-453,Gemcitabine
miR-453,Doxorubicin
miR-453,Verapamil
miR-4530,Gemcitabine
miR-4530,5-Fluorouracil
miR-4532,Gemcitabine
miR-4532,5-Fluorouracil
miR-4535,Gemcitabine
miR-4535,5-Fluorouracil
miR-454,Gemcitabine
miR-454,Doxorubicin
miR-454,Docetaxel
miR-454,Verapamil
miR-454,5-Fluorouracil
miR-455,Cisplatin
miR-455,Doxorubicin
miR-455,Docetaxel
miR-455,Methotrexate
miR-455,Verapamil
miR-455-3p,Cisplatin
miR-455-3p,Gemcitabine
miR-455-3p,Docetaxel
miR-4638,Gemcitabine
miR-4638,5-Fluorouracil
miR-4640,Gemcitabine
miR-4640,5-Fluorouracil
miR-4646,Gemcitabine
miR-4646,5-Fluorouracil
miR-4655,Gemcitabine
miR-4655,5-Fluorouracil
miR-4665,Gemcitabine
miR-4665,5-Fluorouracil
miR-4669,Gemcitabine
miR-4669,5-Fluorouracil
miR-4674,Gemcitabine
miR-4674,5-Fluorouracil
miR-4675,Gemcitabine
miR-4675,5-Fluorouracil
miR-468,Levetiracetam
miR-468,Valproate
miR-4685,Gemcitabine
miR-4685,5-Fluorouracil
miR-4687,Gemcitabine
miR-4687,5-Fluorouracil
miR-4689,Gemcitabine
miR-4689,5-Fluorouracil
miR-4695,Gemcitabine
miR-4695,5-Fluorouracil
miR-4707,Gemcitabine
miR-4707,5-Fluorouracil
miR-4710,Gemcitabine
miR-4710,5-Fluorouracil
miR-4711,Gemcitabine
miR-4711,5-Fluorouracil
miR-4713,Gemcitabine
miR-4713,Paclitaxel
miR-4713,5-Fluorouracil
miR-4716,Gemcitabine
miR-4716,5-Fluorouracil
miR-4721,Gemcitabine
miR-4721,5-Fluorouracil
miR-4722,Gemcitabine
miR-4722,5-Fluorouracil
miR-4723,Gemcitabine
miR-4723,5-Fluorouracil
miR-4725,Gemcitabine
miR-4725,5-Fluorouracil
miR-4732,Gemcitabine
miR-4732,5-Fluorouracil
miR-4739,Gemcitabine
miR-4739,5-Fluorouracil
miR-4745,Gemcitabine
miR-4745,5-Fluorouracil
miR-4749,Gemcitabine
miR-4749,5-Fluorouracil
miR-4750,Gemcitabine
miR-4750,5-Fluorouracil
miR-4758,Gemcitabine
miR-4758,5-Fluorouracil
miR-4783,Gemcitabine
miR-4783,5-Fluorouracil
miR-4787,Gemcitabine
miR-4787,5-Fluorouracil
miR-483,Cisplatin
miR-483,Gemcitabine
miR-483,Imatinib
miR-483,Doxorubicin
miR-483,Paclitaxel
miR-483,Oxaliplatin
miR-483,Adriamycin
miR-483,Sorafenib
miR-483,5-Fluorouracil
miR-485,Cisplatin
miR-485,Doxorubicin
miR-485,Verapamil
miR-485,Paroxetine
miR-485,Fludarabine
miR-486,Cisplatin
miR-486,Gemcitabine
miR-486,Imatinib
miR-486,Doxorubicin
miR-486,5-Fluorouracil
miR-486,Paroxetine
miR-487b,Gemcitabine
miR-487b,Doxorubicin
miR-487b,Gefitinib
miR-489,Cisplatin
miR-489,Doxorubicin
miR-489,Tamoxifen
miR-490,Paclitaxel
miR-490,PLX4720
miR-491,Cisplatin
miR-491,Doxorubicin
miR-491,Verapamil
miR-494,Gemcitabine
miR-494,Doxorubicin
miR-494,Vincristine
miR-494,Sorafenib
miR-495,Cisplatin
miR-495,Adriamycin
miR-495,Etoposide
miR-495,Platinum
miR-496,Doxorubicin
miR-496,Verapamil
miR-497,Doxorubicin
miR-497,Gefitinib
miR-497,Verapamil
miR-497,Temozolomide
miR-497,platinum-based doublet chemotherapy 
miR-499,Doxorubicin
miR-499,Verapamil
miR-500,Doxorubicin
miR-500,Docetaxel
miR-500,Paroxetine
miR-500a,Gemcitabine
miR-500a,platinum-based doublet chemotherapy 
miR-500a,5-Fluorouracil
miR-500b,Gemcitabine
miR-500b,5-Fluorouracil
miR-501,Cisplatin
miR-501,Doxorubicin
miR-501,Vincristine
miR-501,5-Fluorouracil
miR-501,FOLFOX Chemotherapy
miR-501,Paroxetine
miR-501-5P,Doxorubicin
miR-501-5P,Etoposide
miR-502,Doxorubicin
miR-502,Verapamil
miR-502,Temozolomide
miR-502,FOLFOX Chemotherapy
miR-502,Paroxetine
miR-503,Cisplatin
miR-503,Gemcitabine
miR-503,Fluorouracil
miR-503,5-Fluorouracil
miR-505,Doxorubicin
miR-505,Methotrexate
miR-505,Verapamil
miR-506,10-Hydroxycamptothecin
miR-506,10-hydroxycamptothecin
miR-509,Cisplatin
miR-509,Doxorubicin
miR-509,Verapamil
miR-5096,Cisplatin
miR-5096,Doxorubicin
miR-5096,Vincristine
miR-5096,5-Fluorouracil
miR-512,Cisplatin
miR-512,Tamoxifen
miR-513a,Gemcitabine
miR-513a,Doxorubicin
miR-513a,Paclitaxel
miR-513a,Oxaliplatin
miR-514,Cisplatin
miR-514,Doxorubicin
miR-514,Verapamil
miR-515,Cisplatin
miR-515,Gemcitabine
miR-515,Tamoxifen
miR-515,Topotecan
miR-517a,Cisplatin
miR-517a,Doxorubicin
miR-517a,Verapamil
miR-517b,Cisplatin
miR-517b,Doxorubicin
miR-517b,Verapamil
miR-517c,Cisplatin
miR-517c,Doxorubicin
miR-517c,Tamoxifen
miR-517c,Verapamil
miR-517c,Vinorelbine
miR-518b,Cisplatin
miR-518b,Tamoxifen
miR-518c,Cisplatin
miR-518c,Tamoxifen
miR-518e*,Tamoxifen
miR-518e*,Vinorelbine
miR-518f,Cisplatin
miR-518f,Gemcitabine
miR-518f,Tamoxifen
miR-518f,Vinorelbine
miR-518f*,Cisplatin
miR-518f*,5-Fluorouracil
miR-519,Doxorubicin
miR-519,Etoposide
miR-519a,Cisplatin
miR-519a,Tamoxifen
miR-519b,Cisplatin
miR-519b,Doxorubicin
miR-519b,Verapamil
miR-519b,Vinorelbine
miR-519c,Cisplatin
miR-519c,Tamoxifen
miR-519c,Vinorelbine
miR-519d,Cisplatin
miR-519d,Gemcitabine
miR-519d,Tamoxifen
miR-519e*,Cisplatin
miR-519e*,5-Fluorouracil
miR-519e*,Vinorelbine
miR-520,Doxorubicin
miR-520,Tamoxifen
miR-520,Vincristine
miR-520,Prednisone
miR-520a,Cisplatin
miR-520a,Doxorubicin
miR-520a,Verapamil
miR-520a,5-Fluorouracil
miR-520b,Cisplatin
miR-520b,Doxorubicin
miR-520b,Tamoxifen
miR-520b,Verapamil
miR-520c,Cisplatin
miR-520c,Doxorubicin
miR-520c,Verapamil
miR-520d,Doxorubicin
miR-520d,Verapamil
miR-520d*,Cisplatin
miR-520d*,5-Fluorouracil
miR-520g,Cisplatin
miR-520g,Doxorubicin
miR-520g,Fluorouracil
miR-520g,Paclitaxel
miR-520g,Oxaliplatin
miR-520g,Verapamil
miR-520h,Cisplatin
miR-520h,Doxorubicin
miR-520h,Tamoxifen
miR-520h,Paclitaxel
miR-520h,Verapamil
miR-522,Cisplatin
miR-522,Tamoxifen
miR-523,Cisplatin
miR-523,Doxorubicin
miR-526b*,Doxorubicin
miR-526b*,Verapamil
miR-532,Cisplatin
miR-532,Gemcitabine
miR-532,Imatinib
miR-532,Doxorubicin
miR-532,Vincristine
miR-532,Verapamil
miR-532,5-Fluorouracil
miR-532,intensive induction chemotherapy based on cytarabine and idarubicine
miR-539,Cisplatin
miR-539,Doxorubicin
miR-539,Verapamil
miR-541*,Cisplatin
miR-541*,Doxorubicin
miR-541*,Verapamil
miR-542,Gemcitabine
miR-542,Doxorubicin
miR-542,Verapamil
miR-543,PLX4720
miR-543,FOLFOX Chemotherapy
miR-545,Doxorubicin
miR-545,Verapamil
miR-548a,Doxorubicin
miR-548a,Verapamil
miR-548a,Sorafenib
miR-550,Tamoxifen
miR-550,Oxaliplatin
miR-555,Doxorubicin
miR-555,Verapamil
miR-560,Doxorubicin
miR-560,Verapamil
miR-563,Doxorubicin
miR-563,Verapamil
miR-568,Doxorubicin
miR-568,Verapamil
miR-569,Doxorubicin
miR-569,Verapamil
miR-571,Doxorubicin
miR-571,Verapamil
miR-574,Doxorubicin
miR-574,AED therapy
miR-576,Doxorubicin
miR-576,Oxaliplatin
miR-576,Verapamil
miR-578,Doxorubicin
miR-578,Verapamil
miR-582,Doxorubicin
miR-582,Verapamil
miR-582,Vinorelbine
miR-584,Cisplatin
miR-584,Gemcitabine
miR-584,Doxorubicin
miR-584,Oxaliplatin
miR-584,5-Fluorouracil
miR-585,Oxaliplatin
miR-585,Vinorelbine
miR-586,Doxorubicin
miR-586,Verapamil
miR-586,Vinorelbine
miR-587,Doxorubicin
miR-587,Verapamil
miR-587,5-Fluorouracil
miR-588,Doxorubicin
miR-588,Verapamil
miR-589*,Doxorubicin
miR-589*,Verapamil
miR-590,Cisplatin
miR-590,Gemcitabine
miR-590,Doxorubicin
miR-590,Verapamil
miR-590,5-Fluorouracil
miR-590-5p,Cisplatin
miR-590-5p,Paclitaxel
miR-590-5p,Adriamycin
miR-591,Doxorubicin
miR-591,Paclitaxel
miR-591,Oxaliplatin
miR-591,Verapamil
miR-592,Doxorubicin
miR-592,Verapamil
miR-593,Gemcitabine
miR-593,5-Fluorouracil
miR-593*,Doxorubicin
miR-593*,Verapamil
miR-598,Cisplatin
miR-598,Docetaxel
miR-598,platinum-based doublet chemotherapy 
miR-601,Cisplatin
miR-601,Doxorubicin
miR-601,Oxaliplatin
miR-601,Verapamil
miR-605,Doxorubicin
miR-605,Verapamil
miR-606,Doxorubicin
miR-606,Verapamil
miR-6087,Gemcitabine
miR-6087,Vincristine
miR-613,Cisplatin
miR-613,Doxorubicin
miR-613,Oxaliplatin
miR-613,Verapamil
miR-613,Sorafenib
miR-614,Gemcitabine
miR-614,5-Fluorouracil
miR-615,Cisplatin
miR-615,Doxorubicin
miR-615,Vincristine
miR-615,Methotrexate
miR-615,5-Fluorouracil
miR-618,Oxaliplatin
miR-618,5-Fluorouracil
miR-624*,Gemcitabine
miR-624*,5-Fluorouracil
miR-625,Tamoxifen
miR-625,Chemotherapy
miR-625,Paroxetine
miR-625*,Gemcitabine
miR-625*,5-Fluorouracil
miR-628,Tamoxifen
miR-628,platinum-based doublet chemotherapy 
miR-628,Sunitinib
miR-629,Gemcitabine
miR-629,Doxorubicin
miR-629,Vincristine
miR-629,Verapamil
miR-629,5-Fluorouracil
miR-629,Daunorubicin
miR-629,L-asparaginase
miR-629,Prednisolone
miR-629,Paroxetine
miR-630,Cisplatin
miR-630,Gefitinib
miR-630,Oxaliplatin
miR-633,Cisplatin
miR-633,Doxorubicin
miR-633,Verapamil
miR-638,Cisplatin
miR-638,Oxaliplatin
miR-638,Vincristine
miR-638,Bortezomib
miR-639,Doxorubicin
miR-639,Verapamil
miR-640,Paclitaxel
miR-640,Cetuximab
miR-643,Gemcitabine
miR-643,Doxorubicin
miR-643,Verapamil
miR-647,Gemcitabine
miR-647,Paclitaxel
miR-649,Doxorubicin
miR-649,Verapamil
miR-651,Doxorubicin
miR-651,Verapamil
miR-652,Doxorubicin
miR-652,Verapamil
miR-652,FOLFOX Chemotherapy
miR-652,Ribavirin
miR-652,pegIFN/RBV therapy
miR-654-5p,Cisplatin
miR-654-5p,Fluorouracil
miR-654-5p,Paclitaxel
miR-655,Doxorubicin
miR-655,Verapamil
miR-658,Gemcitabine
miR-658,5-Fluorouracil
miR-660,Gemcitabine
miR-660,Imatinib
miR-660,Doxorubicin
miR-660,Gefitinib
miR-660,Oxaliplatin
miR-660,Verapamil
miR-660,PLX4720
miR-660,5-Fluorouracil
miR-660,FOLFOX Chemotherapy
miR-662,Doxorubicin
miR-662,Verapamil
miR-663,Cisplatin
miR-663,Gemcitabine
miR-663,Paclitaxel
miR-663,Docetaxel
miR-663,5-Fluorouracil
miR-663,Cyclophosphamide
miR-663a,Cisplatin
miR-663a,5-Fluorouracil
miR-665,Gemcitabine
miR-665,5-Fluorouracil
miR-671,Gemcitabine
miR-671,5-Fluorouracil
miR-671,Paroxetine
miR-675,Gemcitabine
miR-675,Oxaliplatin
miR-675,5-Fluorouracil
miR-675*,Gemcitabine
miR-675*,5-Fluorouracil
miR-6825-5p,Fluorouracil
miR-6825-5p,Oxaliplatin
miR-6825-5p,Pirarubicin
miR-6845-5p,Fluorouracil
miR-6845-5p,Oxaliplatin
miR-6845-5p,Pirarubicin
miR-6886-3p,Fluorouracil
miR-6886-3p,Oxaliplatin
miR-6886-3p,Pirarubicin
miR-7,Cisplatin
miR-7,Gemcitabine
miR-7,Tamoxifen
miR-7,Oxaliplatin
miR-7,5-Fluorouracil
miR-7-1*,Doxorubicin
miR-7-1*,Verapamil
miR-7-5p,Cisplatin
miR-7-5p,Oxaliplatin
miR-708,Gemcitabine
miR-708,modified ALLIC BFM 2002 protocol
miR-718,Gemcitabine
miR-718,5-Fluorouracil
miR-720,Gemcitabine
miR-720,5-Fluorouracil
miR-720,FOLFOX Chemotherapy
miR-744,Cisplatin
miR-744,Gefitinib
miR-744,Tamoxifen
miR-758,Doxorubicin
miR-758,Verapamil
miR-760,Doxorubicin
miR-760,Verapamil
miR-762,Gemcitabine
miR-762,Gefitinib
miR-762,Bortezomib
miR-762,5-Fluorouracil
miR-765,Gemcitabine
miR-765,Doxorubicin
miR-765,Oxaliplatin
miR-765,Verapamil
miR-766,Cisplatin
miR-766,Gemcitabine
miR-766,Doxorubicin
miR-766,Gefitinib
miR-766,Vincristine
miR-766,5-Fluorouracil
miR-767,Doxorubicin
miR-767,Docetaxel
miR-767,Verapamil
miR-768,Paclitaxel
miR-768,Cetuximab
miR-769,Doxorubicin
miR-769,Tamoxifen
miR-769,Paclitaxel
miR-769,Verapamil
miR-801,Cisplatin
miR-801,Paclitaxel
miR-801,Cetuximab
miR-802,Doxorubicin
miR-802,Paclitaxel
miR-873,Gefitinib
miR-873,Tamoxifen
miR-874,Gemcitabine
miR-874,5-Fluorouracil
miR-875,Cisplatin
miR-875,Paclitaxel
miR-876,Cisplatin
miR-876,Doxorubicin
miR-876,Oxaliplatin
miR-876,Verapamil
miR-877,Cisplatin
miR-877,Doxorubicin
miR-877,Vincristine
miR-877,5-Fluorouracil
miR-885,Gemcitabine
miR-885,Doxorubicin
miR-885,Paclitaxel
miR-886,Cisplatin
miR-886,Doxorubicin
miR-886,Verapamil
miR-887,Gemcitabine
miR-887,5-Fluorouracil
miR-888,Doxorubicin
miR-888,Verapamil
miR-892b,Doxorubicin
miR-892b,Oxaliplatin
miR-9,Cisplatin
miR-9,Doxorubicin
miR-9,Paclitaxel
miR-9,Vincristine
miR-9,Etoposide
miR-9,Temozolomide
miR-9,Daunorubicin
miR-9,L-asparaginase
miR-9,Prednisolone
miR-920,Doxorubicin
miR-920,Paclitaxel
miR-922,Doxorubicin
miR-922,Paclitaxel
miR-923,Cisplatin
miR-923,Paclitaxel
miR-92a,Cisplatin
miR-92a,Doxorubicin
miR-92a,Gefitinib
miR-92a,Oxaliplatin
miR-92a,Verapamil
miR-92a,5-Fluorouracil
miR-92a-1,Cisplatin
miR-92a-1,PLX4720
miR-92a-2*,Cisplatin
miR-92a-2*,Carboplatin
miR-92b,Cisplatin
miR-92b,Gemcitabine
miR-92b,Vincristine
miR-92b,Bortezomib
miR-92b,5-Fluorouracil
miR-93,Cisplatin
miR-93,Doxorubicin
miR-93,Oxaliplatin
miR-93,Verapamil
miR-933,Doxorubicin
miR-933,Paclitaxel
miR-935,Cisplatin
miR-935,Doxorubicin
miR-935,Tamoxifen
miR-939,Fluorouracil
miR-939,Oxaliplatin
miR-939,Bortezomib
miR-940,Gemcitabine
miR-940,5-Fluorouracil
miR-942,TRAIL therapy
miR-942,Sunitinib
miR-96,Cisplatin
miR-96,Doxorubicin
miR-96,Tamoxifen
miR-96,Paclitaxel
miR-96,Verapamil
miR-96,PLX4720
miR-96,5-Fluorouracil
miR-96-5p,Fluorouracil
miR-96-5p,Oxaliplatin
miR-98,Cisplatin
miR-98,Gemcitabine
miR-98,Doxorubicin
miR-98,Docetaxel
miR-98,5-Fluorouracil
miR-98,10-Hydroxycamptothecin
miR-99a,Cisplatin
miR-99a,Gemcitabine
miR-99a,Doxorubicin
miR-99a,Gefitinib
miR-99a,Oxaliplatin
miR-99a,Docetaxel
miR-99a,Vincristine
miR-99a,Verapamil
miR-99a,PLX4720
miR-99a,5-Fluorouracil
miR-99a,Daunorubicin
miR-99a,L-asparaginase
miR-99a,Prednisolone
miR-99a,FOLFOX Chemotherapy
miR-99a-5p,Doxorubicin
miR-99a-5p,Vincristine
miR-99a-5p,Prednisone
miR-99a-5p,Cyclophosphamide
miR-99a-5p,Rituximab
miR-99b,Cisplatin
miR-99b,Gemcitabine
miR-99b,Doxorubicin
miR-99b,Tamoxifen
miR-99b,Oxaliplatin
miR-99b,Docetaxel
miR-99b*,Gemcitabine
miR-99b*,Tamoxifen
miR-99b*,Cetuximab
miR-Plus-A1031,Doxorubicin
miR-Plus-A1031,Vincristine
miR-Plus-A1031,Prednisone
piRNA-54265,Fluorouracil
piRNA-54265,Oxaliplatin
